{
    "loss": 1.8611925840377808,
    "accuracy": 0.8275862336158752
}