{
    "loss": 5.81691837310791,
    "accuracy": 0.6551724076271057
}